uuid;currency;address;amount;txid;creation time;update time
512124366557994035;USDT;INNER_7054768774_3;52679.72000000;352996903_3_7_0_43390882_0_WALLET;2025-11-02 21:29:13;2025-11-02 21:29:13
512124366557994035;USDT;INNER_7078154748_3;10825.33000000;352389376_3_7_0_78577371_0_WALLET;2025-10-31 15:39:17;2025-10-31 15:39:17
512124366557994035;USDT;INNER_7778008855_3;45416.53000000;351367510_3_7_0_69997156_0_WALLET;2025-10-27 23:37:44;2025-10-27 23:37:44
512124366557994035;USDT;INNER_7778008855_3;48255.00000000;348757067_3_7_0_69997156_0_WALLET;2025-10-18 00:53:59;2025-10-18 00:53:59
512124366557994035;USDT;INNER_9170363153_3;44770.00000000;346543678_3_7_0_68150532_0_WALLET;2025-10-10 20:24:47;2025-10-10 20:24:47
512124366557994035;USDT;INNER_7083004365_3;19102.75000000;342647490_3_7_0_82948204_0_WALLET;2025-09-27 01:13:57;2025-09-27 01:13:57
512124366557994035;USDT;INNER_7071367633_3;41746.70000000;341748038_3_7_0_83036994_0_WALLET;2025-09-23 23:16:02;2025-09-23 23:16:02
512124366557994035;USDT;INNER_7056045500_3;5954.57000000;341691463_3_7_0_44860664_0_WALLET;2025-09-23 19:59:49;2025-09-23 19:59:49
512124366557994035;USDT;INNER_7778008855_3;42127.04907913;340870043_3_7_0_69997156_0_WALLET;2025-09-20 22:13:15;2025-09-20 22:13:15
512124366557994035;USDT;INNER_7056045500_3;3618.20000000;340612483_3_7_0_44860664_0_WALLET;2025-09-19 22:31:00;2025-09-19 22:31:00
512124366557994035;USDT;INNER_7079517164_3;2330.20000000;340565492_3_7_0_82460045_0_WALLET;2025-09-19 19:48:21;2025-09-19 19:48:21
512124366557994035;USDT;INNER_7079517164_3;14100.20000000;340477394_3_7_0_82460045_0_WALLET;2025-09-19 15:55:39;2025-09-19 15:55:39
512124366557994035;USDT;INNER_7079517164_3;4917.20000000;340283186_3_7_0_82460045_0_WALLET;2025-09-18 21:54:38;2025-09-18 21:54:38
512124366557994035;USDT;THpHbeME3djPXMtadG2Ys2jGvBmpJdnd6F;1000.00000000;e72547a73c7febc0ac768376dd1518cff25669496964b792dcabf40bcff40251;2025-09-18 01:43:38;2025-09-18 01:45:32
512124366557994035;USDT;INNER_7778008855_3;1800.00000000;339716421_3_7_0_69997156_0_WALLET;2025-09-16 22:35:22;2025-09-16 22:35:22
512124366557994035;USDT;THpHbeME3djPXMtadG2Ys2jGvBmpJdnd6F;564.00000000;dde6c94836c8fb47322eb75f2ac5f768c154084af2abaafdd40e3a277ec168ac;2025-09-15 22:21:45;2025-09-15 22:23:41
512124366557994035;USDT;THpHbeME3djPXMtadG2Ys2jGvBmpJdnd6F;1111.00000000;73f20f58143cf704e025ebe804ccd3d1ef1e2a8fadb3be534b0b2ebaaf9675d8;2025-09-15 21:51:50;2025-09-15 21:53:45
512124366557994035;USDT;THpHbeME3djPXMtadG2Ys2jGvBmpJdnd6F;1380.00000000;84e9009b4b042c9bf7a47ec8d391d7830e8b6e32bf66879fb8629db48cb266c6;2025-09-06 00:07:02;2025-09-06 00:08:56
512124366557994035;USDT;INNER_9170363153_3;400.00000000;335448999_3_7_0_68150532_0_WALLET;2025-09-01 00:51:46;2025-09-01 00:51:46
512124366557994035;USDT;INNER_7071142839_3;24707.00000000;326764459_3_7_0_80753122_0_WALLET;2025-07-29 19:07:04;2025-07-29 19:07:04
512124366557994035;USDT;INNER_7071142839_3;25691.00000000;326534301_3_7_0_80753122_0_WALLET;2025-07-28 20:59:47;2025-07-28 20:59:47
512124366557994035;USDT;INNER_7071142843_3;6499.00000000;325530045_3_7_0_80500155_0_WALLET;2025-07-24 19:37:55;2025-07-24 19:37:55
512124366557994035;USDT;INNER_7071142843_3;29297.00000000;324695028_3_7_0_80500155_0_WALLET;2025-07-21 21:15:07;2025-07-21 21:15:07
512124366557994035;USDT;INNER_7071142843_3;30972.00000000;323887863_3_7_0_80500155_0_WALLET;2025-07-18 21:05:19;2025-07-18 21:05:19
512124366557994035;USDT;INNER_9170363153_3;5000.00000000;323496985_3_7_0_68150532_0_WALLET;2025-07-17 14:43:23;2025-07-17 14:43:23
512124366557994035;USDT;THpHbeME3djPXMtadG2Ys2jGvBmpJdnd6F;1165.00000000;3560c089bcad21f962b273d3f9ff3f8f924a4b6dcda699ff213f20df78ba7dc4;2025-07-16 21:05:00;2025-07-16 21:06:53
512124366557994035;USDT;INNER_7071142843_3;28742.00000000;323259880_3_7_0_80500155_0_WALLET;2025-07-16 17:25:25;2025-07-16 17:25:25
512124366557994035;USDT;INNER_7071142832_3;3615.00000000;322845542_3_7_0_80268420_0_WALLET;2025-07-15 01:16:27;2025-07-15 01:16:27
512124366557994035;USDT;INNER_7071142832_3;13722.00000000;322258214_3_7_0_80268420_0_WALLET;2025-07-12 18:27:38;2025-07-12 18:27:38
512124366557994035;USDT;INNER_7071142832_3;31248.00000000;321669424_3_7_0_80268420_0_WALLET;2025-07-10 16:56:51;2025-07-10 16:56:51
512124366557994035;USDT;INNER_7753088545_3;44433.00000000;321175762_3_7_0_78984446_0_WALLET;2025-07-08 20:49:58;2025-07-08 20:49:58
512124366557994035;USDT;INNER_7071142832_3;45969.00000000;320377612_3_7_0_80268420_0_WALLET;2025-07-05 18:23:50;2025-07-05 18:23:50
512124366557994035;USDT;INNER_9170363153_3;9000.00000000;319963070_3_7_0_68150532_0_WALLET;2025-07-04 02:59:17;2025-07-04 02:59:17
512124366557994035;USDT;INNER_7786243354_3;28429.00000000;319873129_3_7_0_78643236_0_WALLET;2025-07-03 20:50:11;2025-07-03 20:50:11
512124366557994035;USDT;INNER_7786243354_3;40607.00000000;319252140_3_7_0_78643236_0_WALLET;2025-07-01 17:34:08;2025-07-01 17:34:08
512124366557994035;USDT;INNER_7786243354_3;13557.00000000;319072328_3_7_0_78643236_0_WALLET;2025-06-30 23:28:15;2025-06-30 23:28:15
512124366557994035;USDT;INNER_7786243354_3;29723.00000000;318990421_3_7_0_78643236_0_WALLET;2025-06-30 18:43:53;2025-06-30 18:43:53
512124366557994035;USDT;INNER_7071142831_3;43435.00000000;318141136_3_7_0_79637596_0_WALLET;2025-06-27 13:39:28;2025-06-27 13:39:28
512124366557994035;USDT;INNER_7071142831_3;6271.00000000;317298070_3_7_0_79637596_0_WALLET;2025-06-24 19:32:44;2025-06-24 19:32:44
512124366557994035;USDT;INNER_7753088545_3;12793.00000000;317192609_3_7_0_78984446_0_WALLET;2025-06-24 12:49:56;2025-06-24 12:49:56
512124366557994035;USDT;INNER_7071142831_3;47606.00000000;317192178_3_7_0_79637596_0_WALLET;2025-06-24 12:47:41;2025-06-24 12:47:41
512124366557994035;USDT;INNER_7767512405_3;20699.00000000;316131653_3_7_0_70571425_0_WALLET;2025-06-20 17:23:12;2025-06-20 17:23:12
512124366557994035;USDT;INNER_7767512405_3;24077.00000000;315875151_3_7_0_70571425_0_WALLET;2025-06-19 19:24:09;2025-06-19 19:24:09
512124366557994035;USDT;THpHbeME3djPXMtadG2Ys2jGvBmpJdnd6F;5742.00000000;cc0f1e59df3290e80e11edd30e9b55d02bb247a2161c0e6de87f7c1a19db6313;2025-06-19 16:52:14;2025-06-19 16:54:09
512124366557994035;USDT;INNER_7767512405_3;34512.00000000;315565080_3_7_0_70571425_0_WALLET;2025-06-18 17:55:27;2025-06-18 17:55:27
512124366557994035;USDT;INNER_7753088545_3;17808.00000000;315520525_3_7_0_78984446_0_WALLET;2025-06-18 15:12:42;2025-06-18 15:12:42
512124366557994035;USDT;THpHbeME3djPXMtadG2Ys2jGvBmpJdnd6F;5498.40000000;2348fa80e67efe9d14d9bf5dfbfb702d4d9fe2a7865d1693066f088f1f0248e8;2025-06-17 16:05:33;2025-06-17 16:07:27
512124366557994035;USDT;INNER_7753088545_3;37033.00000000;315055037_3_7_0_78984446_0_WALLET;2025-06-16 22:50:55;2025-06-16 22:50:55
512124366557994035;USDT;INNER_7786243354_3;36416.00000000;314245183_3_7_0_78643236_0_WALLET;2025-06-13 20:33:43;2025-06-13 20:33:43
512124366557994035;USDT;INNER_7753088565_3;21145.00000000;314243515_3_7_0_78986787_0_WALLET;2025-06-13 20:27:47;2025-06-13 20:27:47
512124366557994035;USDT;INNER_7753088565_3;22411.00000000;313820639_3_7_0_78986787_0_WALLET;2025-06-12 14:12:18;2025-06-12 14:12:18
512124366557994035;USDT;INNER_7753088565_3;21341.00000000;313688325_3_7_0_78986787_0_WALLET;2025-06-12 00:13:07;2025-06-12 00:13:07
512124366557994035;USDT;INNER_7753088565_3;5644.00000000;313023315_3_7_0_78986787_0_WALLET;2025-06-09 22:52:00;2025-06-09 22:52:00
512124366557994035;USDT;INNER_7753088545_3;5302.00000000;312910010_3_7_0_78984446_0_WALLET;2025-06-09 16:42:39;2025-06-09 16:42:39
512124366557994035;USDT;INNER_7753088565_3;27985.00000000;312872197_3_7_0_78986787_0_WALLET;2025-06-09 14:36:02;2025-06-09 14:36:02
512124366557994035;USDT;INNER_7753088545_3;6206.00000000;312175665_3_7_0_78984446_0_WALLET;2025-06-07 03:11:57;2025-06-07 03:11:57
512124366557994035;USDT;INNER_7753088545_3;10340.00000000;311240454_3_7_0_78984446_0_WALLET;2025-06-04 13:46:14;2025-06-04 13:46:14
512124366557994035;USDT;INNER_7786243354_3;33548.00000000;311239600_3_7_0_78643236_0_WALLET;2025-06-04 13:42:47;2025-06-04 13:42:47
512124366557994035;USDT;THpHbeME3djPXMtadG2Ys2jGvBmpJdnd6F;20664.00000000;5fc4ca3cda73a1d25452f433b0a597901788fed4382d13a425d51fde418f5657;2025-05-30 01:07:41;2025-05-30 01:09:35
512124366557994035;USDT;INNER_7781503865_3;34094.00000000;308025626_3_7_0_77924839_0_WALLET;2025-05-26 21:43:28;2025-05-26 21:43:28
512124366557994035;USDT;INNER_7781503865_3;33111.00000000;307191501_3_7_0_77924839_0_WALLET;2025-05-23 23:04:31;2025-05-23 23:04:31
512124366557994035;USDT;INNER_7781503866_3;2531.00000000;307190966_3_7_0_77925613_0_WALLET;2025-05-23 23:02:48;2025-05-23 23:02:48
512124366557994035;USDT;INNER_7781503865_3;7755.00000000;306809836_3_7_0_77924839_0_WALLET;2025-05-22 19:41:21;2025-05-22 19:41:21
512124366557994035;USDT;INNER_7781503866_3;13550.00000000;306537648_3_7_0_77925613_0_WALLET;2025-05-21 22:17:37;2025-05-21 22:17:37
512124366557994035;USDT;INNER_7781503866_3;44761.00000000;306101281_3_7_0_77925613_0_WALLET;2025-05-20 14:57:49;2025-05-20 14:57:49
512124366557994035;USDT;INNER_7781503865_3;11459.00000000;305062490_3_7_0_77924839_0_WALLET;2025-05-16 23:22:50;2025-05-16 23:22:50
512124366557994035;USDT;INNER_7778008855_3;23274.20907913;304335733_3_7_0_69997156_0_WALLET;2025-05-14 22:05:37;2025-05-14 22:05:37
512124366557994035;USDT;INNER_7781503866_3;40711.00000000;304287423_3_7_0_77925613_0_WALLET;2025-05-14 19:34:17;2025-05-14 19:34:17
512124366557994035;USDT;INNER_7781503866_3;50474.00000000;303574901_3_7_0_77925613_0_WALLET;2025-05-12 15:59:20;2025-05-12 15:59:20
512124366557994035;USDT;INNER_7778008855_3;10000.00000000;302657264_3_7_0_69997156_0_WALLET;2025-05-09 17:13:49;2025-05-09 17:13:49
512124366557994035;USDT;INNER_7781503866_3;11551.00000000;302337618_3_7_0_77925613_0_WALLET;2025-05-08 19:24:18;2025-05-08 19:24:18
512124366557994035;USDT;INNER_7781503866_3;36154.00000000;302310838_3_7_0_77925613_0_WALLET;2025-05-08 18:07:23;2025-05-08 18:07:23
512124366557994035;USDT;INNER_7752283896_3;12777.02000000;301579134_3_7_0_76526232_0_WALLET;2025-05-06 15:36:24;2025-05-06 15:36:24
512124366557994035;USDT;INNER_7752283896_3;2000.00000000;301275360_3_7_0_76526232_0_WALLET;2025-05-05 16:10:23;2025-05-05 16:10:23
512124366557994035;USDT;INNER_7777775157_3;4000.00000000;297992745_3_7_0_70271185_0_WALLET;2025-04-24 14:20:41;2025-04-24 14:20:41
512124366557994035;USDT;INNER_7752283896_3;100.00000000;296185994_3_7_0_76526232_0_WALLET;2025-04-18 03:50:06;2025-04-18 03:50:06
512124366557994035;USDT;INNER_7752283894_3;8025.37907900;296099746_3_7_0_76525279_0_WALLET;2025-04-17 21:43:45;2025-04-17 21:43:45
512124366557994035;USDT;INNER_7776055777_3;22251.00000000;293389472_3_7_0_66338821_0_WALLET;2025-04-08 16:31:45;2025-04-08 16:31:45
512124366557994035;USDT;THpHbeME3djPXMtadG2Ys2jGvBmpJdnd6F;2503.96000000;e8af0611fad167f5f864e3be0af3ad7b8ad1032cf5f04c8ba2265f195ba114a6;2025-04-05 19:12:53;2025-04-05 19:14:48
512124366557994035;USDT;INNER_7778008855_3;10000.00000000;292358187_3_7_0_69997156_0_WALLET;2025-04-04 19:29:00;2025-04-04 19:29:00
512124366557994035;USDT;INNER_7716822720_3;3852.80000000;292310993_3_7_0_76183247_0_WALLET;2025-04-04 16:16:20;2025-04-04 16:16:20
512124366557994035;USDT;INNER_7778008855_3;13450.00000000;291874674_3_7_0_69997156_0_WALLET;2025-04-03 01:16:30;2025-04-03 01:16:30
512124366557994035;USDT;INNER_7716822720_3;15003.00000000;291706175_3_7_0_76183247_0_WALLET;2025-04-02 15:00:46;2025-04-02 15:00:46
512124366557994035;USDT;INNER_7778008855_3;15000.00000000;291704222_3_7_0_69997156_0_WALLET;2025-04-02 14:52:37;2025-04-02 14:52:37
512124366557994035;USDT;INNER_7716822730_3;11731.00000000;290424183_3_7_0_76183309_0_WALLET;2025-03-28 22:08:14;2025-03-28 22:08:14
512124366557994035;USDT;TRmiSRmYBiEqEpScyHq9FqKFd3wP17qFzi;14969.00000000;6d813bec99b3f3855a823152405342253c03746ffe4616f0929c57e2807891fd;2025-03-26 22:18:18;2025-03-26 22:20:12
512124366557994035;USDT;INNER_7716822730_3;20485.00000000;289817393_3_7_0_76183309_0_WALLET;2025-03-26 22:16:52;2025-03-26 22:16:52
512124366557994035;USDT;INNER_7778008855_3;10000.00000000;289502714_3_7_0_69997156_0_WALLET;2025-03-25 21:32:46;2025-03-25 21:32:46
512124366557994035;USDT;INNER_7778008855_3;10000.00000000;289473256_3_7_0_69997156_0_WALLET;2025-03-25 19:57:47;2025-03-25 19:57:47
512124366557994035;USDT;TRmiSRmYBiEqEpScyHq9FqKFd3wP17qFzi;3776.43000000;a3b9139e2c9c2c5b348c278201f22ce52a9491c777555261dd648cba091f24ae;2025-03-23 22:47:21;2025-03-23 22:49:15
512124366557994035;USDT;TRmiSRmYBiEqEpScyHq9FqKFd3wP17qFzi;20754.30000000;6219fd416bdb2fb4dfe5a9efcc86824de8828a067d7962c70a0d1e301f079c75;2025-03-22 17:04:35;2025-03-22 17:06:29
512124366557994035;USDT;INNER_7776055777_3;10000.00000000;288163270_3_7_0_66338821_0_WALLET;2025-03-21 02:08:39;2025-03-21 02:08:39
512124366557994035;USDT;INNER_7778008855_3;10000.00000000;288078324_3_7_0_69997156_0_WALLET;2025-03-20 21:07:04;2025-03-20 21:07:04
512124366557994035;USDT;TRmiSRmYBiEqEpScyHq9FqKFd3wP17qFzi;2423.22907900;6d6431e43b61c34079f61e56314be06a7f7f6a8299879846714a0a16a961efa5;2025-03-18 21:09:15;2025-03-18 21:11:09
512124366557994035;USDT;INNER_7789834362_3;89080.00000000;286638870_3_7_0_73509043_0_WALLET;2025-03-15 22:58:50;2025-03-15 22:58:50
512124366557994035;USDT;INNER_7789834362_3;80878.00000000;285636912_3_7_0_73509043_0_WALLET;2025-03-12 16:17:37;2025-03-12 16:17:37
512124366557994035;USDT;INNER_7789834362_3;14843.00000000;285388395_3_7_0_73509043_0_WALLET;2025-03-11 20:08:34;2025-03-11 20:08:34
512124366557994035;USDT;INNER_7778008855_3;21790.00000000;285347449_3_7_0_69997156_0_WALLET;2025-03-11 17:59:49;2025-03-11 17:59:49
512124366557994035;USDT;INNER_7778008855_3;15018.00000000;285274207_3_7_0_69997156_0_WALLET;2025-03-11 14:05:44;2025-03-11 14:05:44
512124366557994035;USDT;INNER_7029918642_3;22222.00000000;284232445_3_7_0_74034009_0_WALLET;2025-03-07 22:49:59;2025-03-07 22:49:59
512124366557994035;USDT;INNER_7778008855_3;10000.00000000;284181211_3_7_0_69997156_0_WALLET;2025-03-07 19:56:04;2025-03-07 19:56:04
512124366557994035;USDT;INNER_7029918642_3;27767.00000000;283781559_3_7_0_74034009_0_WALLET;2025-03-06 14:12:14;2025-03-06 14:12:14
512124366557994035;USDT;INNER_7029918642_3;12991.00000000;283588209_3_7_0_74034009_0_WALLET;2025-03-05 21:19:15;2025-03-05 21:19:15
512124366557994035;USDT;INNER_7778008855_3;10000.00000000;283578618_3_7_0_69997156_0_WALLET;2025-03-05 20:49:34;2025-03-05 20:49:34
512124366557994035;USDT;INNER_7029918642_3;35179.00000000;283467420_3_7_0_74034009_0_WALLET;2025-03-05 14:18:46;2025-03-05 14:18:46
512124366557994035;USDT;INNER_7029918642_3;6918.00000000;283264313_3_7_0_74034009_0_WALLET;2025-03-04 21:00:44;2025-03-04 21:00:44
512124366557994035;USDT;INNER_7013063366_3;41549.00000000;281828387_3_7_0_69730055_0_WALLET;2025-02-28 15:26:55;2025-02-28 15:26:55
512124366557994035;USDT;INNER_7789834362_3;7902.00000000;281816724_3_7_0_73509043_0_WALLET;2025-02-28 14:49:29;2025-02-28 14:49:29
512124366557994035;USDT;INNER_7789834362_3;1975.00000000;281571778_3_7_0_73509043_0_WALLET;2025-02-27 21:17:49;2025-02-27 21:17:49
512124366557994035;USDT;INNER_7789834362_3;7921.00000000;280964547_3_7_0_73509043_0_WALLET;2025-02-26 14:01:23;2025-02-26 14:01:23
512124366557994035;USDT;TRmiSRmYBiEqEpScyHq9FqKFd3wP17qFzi;19149.47000000;643a95ff93ce5839d4f35b7ae7721a02da0d045963358e49f440c302a82fbe5f;2025-02-24 20:31:03;2025-02-24 20:32:57
512124366557994035;USDT;INNER_7789834362_3;25887.00000000;279250519_3_7_0_73509043_0_WALLET;2025-02-21 14:15:06;2025-02-21 14:15:06
512124366557994035;USDT;INNER_7789834362_3;49514.00000000;278862870_3_7_0_73509043_0_WALLET;2025-02-20 13:48:27;2025-02-20 13:48:27
512124366557994035;USDT;INNER_7789834362_3;33038.00000000;278325545_3_7_0_73509043_0_WALLET;2025-02-18 19:27:23;2025-02-18 19:27:23
512124366557994035;USDT;INNER_7053444443_3;16239.00000000;278114020_3_7_0_47376735_0_WALLET;2025-02-18 01:07:45;2025-02-18 01:07:45
512124366557994035;USDT;TRmiSRmYBiEqEpScyHq9FqKFd3wP17qFzi;146.47000000;d7c4e0975bfd0bf3d96f51e6520e27e41497f3ceae6a86acee6ab52e5f740242;2025-02-14 14:46:29;2025-02-14 14:48:24
512124366557994035;USDT;INNER_7053444443_3;49051.00000000;277006635_3_7_0_47376735_0_WALLET;2025-02-14 13:37:56;2025-02-14 13:37:56
512124366557994035;USDT;INNER_7058224387_3;48315.00000000;276629333_3_7_0_72416240_0_WALLET;2025-02-13 13:47:40;2025-02-13 13:47:40
512124366557994035;USDT;INNER_7786244827_3;24774.00000000;276307244_3_7_0_72568474_0_WALLET;2025-02-12 13:53:35;2025-02-12 13:53:35
512124366557994035;USDT;INNER_7058224387_3;24125.00000000;276306719_3_7_0_72416240_0_WALLET;2025-02-12 13:51:13;2025-02-12 13:51:13
512124366557994035;USDT;INNER_7759916756_3;8750.00000000;275978802_3_7_0_72356146_0_WALLET;2025-02-11 13:43:09;2025-02-11 13:43:09
512124366557994035;USDT;INNER_7786244827_3;39415.00000000;275974634_3_7_0_72568474_0_WALLET;2025-02-11 13:26:05;2025-02-11 13:26:05
512124366557994035;USDT;INNER_7786244827_3;47938.00000000;275636183_3_7_0_72568474_0_WALLET;2025-02-10 13:23:12;2025-02-10 13:23:12
512124366557994035;USDT;INNER_7786244827_3;6912.00000000;274968038_3_7_0_72568474_0_WALLET;2025-02-07 22:07:08;2025-02-07 22:07:08
512124366557994035;USDT;INNER_7759916756_3;4800.00000000;274966953_3_7_0_72356146_0_WALLET;2025-02-07 22:03:11;2025-02-07 22:03:11
512124366557994035;USDT;INNER_7053444443_3;119.54000000;274914298_3_7_0_47376735_0_WALLET;2025-02-07 18:31:31;2025-02-07 18:31:31
512124366557994035;USDT;INNER_7789756830_3;119.54000000;274913068_3_7_0_70136510_0_WALLET;2025-02-07 18:25:39;2025-02-07 18:25:39
512124366557994035;USDT;TRmiSRmYBiEqEpScyHq9FqKFd3wP17qFzi;154.00000000;a878a0722f38366f6e43b44cf1b578dab39acc60e16517c98a1b85a1f59e1a5d;2025-02-07 15:03:18;2025-02-07 15:05:12
512124366557994035;USDT;INNER_7786244827_3;45389.00000000;274854075_3_7_0_72568474_0_WALLET;2025-02-07 13:45:22;2025-02-07 13:45:22
512124366557994035;USDT;INNER_7759916756_3;2845.00000000;274695417_3_7_0_72356146_0_WALLET;2025-02-06 21:01:20;2025-02-06 21:01:20
512124366557994035;USDT;INNER_7786244827_3;3562.00000000;274693048_3_7_0_72568474_0_WALLET;2025-02-06 20:52:42;2025-02-06 20:52:42
512124366557994035;USDT;INNER_7786244827_3;27020.00000000;274585501_3_7_0_72568474_0_WALLET;2025-02-06 13:29:02;2025-02-06 13:29:02
512124366557994035;USDT;INNER_7759916756_3;18873.00000000;274203465_3_7_0_72356146_0_WALLET;2025-02-04 21:36:57;2025-02-04 21:36:57
512124366557994035;USDT;INNER_7759916756_3;42477.00000000;274146920_3_7_0_72356146_0_WALLET;2025-02-04 17:12:02;2025-02-04 17:12:02
512124366557994035;USDT;INNER_7759916756_3;17026.00000000;273997169_3_7_0_72356146_0_WALLET;2025-02-04 00:11:51;2025-02-04 00:11:51
512124366557994035;USDT;INNER_7759916756_3;7595.00000000;273855174_3_7_0_72356146_0_WALLET;2025-02-03 13:38:56;2025-02-03 13:38:56
512124366557994035;USDT;INNER_7058224387_3;35265.00000000;273851387_3_7_0_72416240_0_WALLET;2025-02-03 13:18:49;2025-02-03 13:18:49
512124366557994035;USDT;INNER_7053444443_3;241.43000000;273443963_3_7_0_47376735_0_WALLET;2025-02-01 19:35:19;2025-02-01 19:35:19
512124366557994035;USDT;INNER_7058224387_3;15811.00000000;273235280_3_7_0_72416240_0_WALLET;2025-01-31 21:15:24;2025-01-31 21:15:24
512124366557994035;USDT;INNER_7759916756_3;16122.00000000;273234775_3_7_0_72356146_0_WALLET;2025-01-31 21:12:54;2025-01-31 21:12:54
512124366557994035;USDT;INNER_7759916756_3;9527.00000000;273163762_3_7_0_72356146_0_WALLET;2025-01-31 15:11:56;2025-01-31 15:11:56
512124366557994035;USDT;TRmiSRmYBiEqEpScyHq9FqKFd3wP17qFzi;161.60000000;6055e5c19370cead9f07b9045e94585326313dd996d968d7c2cc793158646696;2025-01-31 13:43:03;2025-01-31 13:44:56
512124366557994035;USDT;INNER_7759916756_3;30585.00000000;273006150_3_7_0_72356146_0_WALLET;2025-01-30 20:53:44;2025-01-30 20:53:44
512124366557994035;USDT;INNER_7778008855_3;47801.00000000;272812674_3_7_0_69997156_0_WALLET;2025-01-29 22:30:14;2025-01-29 22:30:14
512124366557994035;USDT;INNER_7778008855_3;778.00000000;272538966_3_7_0_69997156_0_WALLET;2025-01-28 19:32:11;2025-01-28 19:32:11
512124366557994035;USDT;INNER_7789756830_3;119.54000000;271335465_3_7_0_70136510_0_WALLET;2025-01-24 15:33:43;2025-01-24 15:33:43
512124366557994035;USDT;INNER_7053444443_3;119.54000000;271333005_3_7_0_47376735_0_WALLET;2025-01-24 15:25:26;2025-01-24 15:25:26
512124366557994035;USDT;TRmiSRmYBiEqEpScyHq9FqKFd3wP17qFzi;159.73000000;b6c59dc6f071463ede5bf4575138b4abd93ed8241825fae78ea65e9a1ef5d2c3;2025-01-24 13:57:20;2025-01-24 13:59:14
512124366557994035;USDT;INNER_7014370000_3;396.60000000;269038554_3_7_0_69458547_0_WALLET;2025-01-18 23:34:07;2025-01-18 23:34:07
512124366557994035;USDT;INNER_7789756830_3;142.46000000;268594558_3_7_0_70136510_0_WALLET;2025-01-17 21:44:03;2025-01-17 21:44:03
512124366557994035;USDT;INNER_7053444443_3;117.32000000;268593930_3_7_0_47376735_0_WALLET;2025-01-17 21:43:18;2025-01-17 21:43:18
512124366557994035;USDT;TRmiSRmYBiEqEpScyHq9FqKFd3wP17qFzi;120.47000000;3f397f9a4a41239fc52a4cd0755b07be332b680f2ee5e37e32e84a5cde7bb7be;2025-01-17 13:58:33;2025-01-17 14:00:32
512124366557994035;USDT;INNER_7474696145_3;10.00000000;267918375_3_7_0_66276293_0_WALLET;2025-01-15 23:25:16;2025-01-15 23:25:16
512124366557994035;USDT;TRmiSRmYBiEqEpScyHq9FqKFd3wP17qFzi;117.00000000;2525b60100308cb97ac7dbe559bc5a6c0b27717066f1cde93cb32838823558ac;2025-01-15 22:12:23;2025-01-15 22:14:18
512124366557994035;USDT;INNER_7474696145_3;235.00000000;267890194_3_7_0_66276293_0_WALLET;2025-01-15 22:04:13;2025-01-15 22:04:13
512124366557994035;USDT;INNER_7778008855_3;140.00000000;267888141_3_7_0_69997156_0_WALLET;2025-01-15 21:58:15;2025-01-15 21:58:15
512124366557994035;USDT;TRmiSRmYBiEqEpScyHq9FqKFd3wP17qFzi;13.80000000;7170dc8525a4964ad1c6779892f745d735034c0ba4b8e9e38f5f28e68dc9e75e;2025-01-15 02:34:00;2025-01-15 02:35:53
512124366557994035;USDT;TRmiSRmYBiEqEpScyHq9FqKFd3wP17qFzi;127.03000000;70abb87359896b3cc43a8bfa13f4f2775c13e787390467428d0358bc5c782637;2025-01-13 13:07:00;2025-01-13 13:08:53
512124366557994035;USDT;INNER_7053444443_3;125.00000000;266169846_3_7_0_47376735_0_WALLET;2025-01-10 18:28:52;2025-01-10 18:28:52
512124366557994035;USDT;TRmiSRmYBiEqEpScyHq9FqKFd3wP17qFzi;242.59000000;b53a458708a517380b9759bdb9e206fa2e8b22ba8573bf51aa97879ffb69d8f9;2025-01-10 13:45:35;2025-01-10 13:47:29
512124366557994035;USDT;INNER_7051322832_3;206.00000000;265176115_3_7_0_66341895_0_WALLET;2025-01-08 00:12:27;2025-01-08 00:12:27
512124366557994035;USDT;INNER_7776055777_3;158.00000000;265166285_3_7_0_66338821_0_WALLET;2025-01-07 23:42:30;2025-01-07 23:42:30
512124366557994035;USDT;INNER_7474696145_3;146.00000000;264748665_3_7_0_66276293_0_WALLET;2025-01-06 20:37:42;2025-01-06 20:37:42
512124366557994035;USDT;INNER_7776055777_3;587.00000000;264461840_3_7_0_66338821_0_WALLET;2025-01-05 21:28:33;2025-01-05 21:28:33
512124366557994035;USDT;INNER_7776055777_3;1147.00000000;262058770_3_7_0_66338821_0_WALLET;2024-12-28 16:14:21;2024-12-28 16:14:21
512124366557994035;USDT;INNER_7054956969_3;52.95000000;261558295_3_7_0_64910283_0_WALLET;2024-12-26 22:36:22;2024-12-26 22:36:22
512124366557994035;USDT;INNER_7711053136_3;868.50000000;261555983_3_7_0_66772677_0_WALLET;2024-12-26 22:29:25;2024-12-26 22:29:25
512124366557994035;USDT;INNER_7052501887_3;550.40000000;261537967_3_7_0_62428028_0_WALLET;2024-12-26 21:34:07;2024-12-26 21:34:07
512124366557994035;USDT;INNER_7776055777_3;2500.00000000;261483769_3_7_0_66338821_0_WALLET;2024-12-26 18:39:56;2024-12-26 18:39:56
512124366557994035;USDT;0x5f4d2dd1191036a7ec7371c03f108ac02e95a6ec;2192.43000000;0x67f5e8fa4dc8b68b28c8859d9488210a290412c3b8ec1045ad19ff123f04391d;2024-12-24 23:52:11;2024-12-25 00:22:04
512124366557994035;USDT;INNER_7009668334_3;282.00000000;260944975_3_7_0_63418997_0_WALLET;2024-12-24 23:29:52;2024-12-24 23:29:52
512124366557994035;USDT;INNER_7053444443_3;177.65000000;260944896_3_7_0_47376735_0_WALLET;2024-12-24 23:29:50;2024-12-24 23:29:50
512124366557994035;USDT;INNER_7789756830_3;67.15000000;260888776_3_7_0_70136510_0_WALLET;2024-12-24 20:28:55;2024-12-24 20:28:55
512124366557994035;USDT;0x5f4d2dd1191036a7ec7371c03f108ac02e95a6ec;79.90000000;0x3bfda051667f92e385137b6ca4cab193f067a3e4831d080295b65efc9f9e3a9a;2024-12-24 14:10:49;2024-12-24 14:42:36
512124366557994035;USDT;INNER_7013063366_3;55.00000000;260678332_3_7_0_69730055_0_WALLET;2024-12-24 02:20:12;2024-12-24 02:20:12
512124366557994035;USDT;INNER_7013063366_3;1000.00000000;260660488_3_7_0_69730055_0_WALLET;2024-12-24 01:00:25;2024-12-24 01:00:25
512124366557994035;USDT;0x5f4d2dd1191036a7ec7371c03f108ac02e95a6ec;1710.29000000;0x4fc25280a2248a458a8458bf9fb91d5f7845d338ce1726206559392bf6a5b0b9;2024-12-24 00:22:15;2024-12-24 00:51:04
512124366557994035;USDT;0x5f4d2dd1191036a7ec7371c03f108ac02e95a6ec;763.85000000;0x6faada60fe6ec0bb10141fbabb8a4295e25b1173116759cc9eae302620bce911;2024-12-23 21:05:51;2024-12-23 21:34:36
512124366557994035;USDT;0x5f4d2dd1191036a7ec7371c03f108ac02e95a6ec;98.37000000;0xe08c8640d60ebdd1d7fc9d62429f3bb97749a93ea27eb8cae58cd2024c0138cd;2024-12-23 18:45:42;2024-12-23 19:16:04
512124366557994035;USDT;INNER_7789756830_3;67.15000000;260543248_3_7_0_70136510_0_WALLET;2024-12-23 18:26:05;2024-12-23 18:26:05
512124366557994035;USDT;INNER_7053444443_3;67.15000000;260542229_3_7_0_47376735_0_WALLET;2024-12-23 18:22:53;2024-12-23 18:22:53
512124366557994035;USDT;0x5f4d2dd1191036a7ec7371c03f108ac02e95a6ec;1684.85000000;0x0c2d83c127ddf5d6c1ad13e950870df512304988e3132390de025b68eff34658;2024-12-23 18:03:39;2024-12-23 18:34:07
512124366557994035;USDT;0x5f4d2dd1191036a7ec7371c03f108ac02e95a6ec;67.15000000;0x11091893b05fa7af2c2e8a08135dbeda74d73f6f853669e64fbe63221fc9cbdb;2024-12-23 13:37:21;2024-12-23 14:06:09
512124366557994035;USDT;INNER_7051322832_3;2600.00000000;260359004_3_7_0_66341895_0_WALLET;2024-12-23 01:40:11;2024-12-23 01:40:11
512124366557994035;USDT;INNER_7051322832_3;2000.00000000;260293217_3_7_0_66341895_0_WALLET;2024-12-22 21:22:39;2024-12-22 21:22:39
512124366557994035;USDT;INNER_7051322832_3;2000.00000000;260285615_3_7_0_66341895_0_WALLET;2024-12-22 20:55:59;2024-12-22 20:55:59
512124366557994035;USDT;INNER_7053444443_3;164.90000000;259591465_3_7_0_47376735_0_WALLET;2024-12-20 16:17:57;2024-12-20 16:17:57
512124366557994035;USDT;INNER_7789756830_3;67.15000000;259571042_3_7_0_70136510_0_WALLET;2024-12-20 15:11:23;2024-12-20 15:11:23
512124366557994035;USDT;0x5f4d2dd1191036a7ec7371c03f108ac02e95a6ec;201.37000000;0x8663db956fe236a3e352203b7d08ce1ca932d990cfb57fe5d89ec66787af9c26;2024-12-20 14:55:12;2024-12-20 15:24:15
512124366557994035;USDT;0x5f4d2dd1191036a7ec7371c03f108ac02e95a6ec;67.15000000;0xf7e944e7e98449482e7d8787cad34342a81e55c29d8246c8a4d6eccd02f1757c;2024-12-20 14:32:11;2024-12-20 15:01:40
512124366557994035;USDT;INNER_7473330604_3;630.45000000;259276033_3_7_0_66338315_0_WALLET;2024-12-19 18:47:51;2024-12-19 18:47:51
512124366557994035;USDT;INNER_7789756830_3;134.30000000;259247181_3_7_0_70136510_0_WALLET;2024-12-19 17:12:57;2024-12-19 17:12:57
512124366557994035;USDT;INNER_7053444443_3;329.80000000;259246175_3_7_0_47376735_0_WALLET;2024-12-19 17:08:52;2024-12-19 17:08:52
512124366557994035;USDT;0x5f4d2dd1191036a7ec7371c03f108ac02e95a6ec;67.15000000;0x655d04199c83270247d309c43db08e065a3947dde5dcc9e93a21bf19a4b71f2d;2024-12-19 14:28:30;2024-12-19 14:57:07
512124366557994035;USDT;0x5f4d2dd1191036a7ec7371c03f108ac02e95a6ec;67.15000000;0x722fa465adbceb30384843d38323189e7f3ed11939ac9891da352030b4e75932;2024-12-18 14:40:45;2024-12-18 15:09:36
512124366557994035;USDT;INNER_7776055777_3;2268.00000000;258605669_3_7_0_66338821_0_WALLET;2024-12-17 21:06:37;2024-12-17 21:06:37
512124366557994035;USDT;0x5f4d2dd1191036a7ec7371c03f108ac02e95a6ec;829.24000000;0x5ae34d802416550d62f78f0c0358e83ac2312b3f024816b596dd987df5602f7c;2024-12-17 17:17:50;2024-12-17 17:46:37
512124366557994035;USDT;INNER_7053444443_3;134.30000000;258523697_3_7_0_47376735_0_WALLET;2024-12-17 17:01:55;2024-12-17 17:01:55
512124366557994035;USDT;INNER_7789756830_3;134.30000000;258522320_3_7_0_70136510_0_WALLET;2024-12-17 16:57:48;2024-12-17 16:57:48
512124366557994035;USDT;0x5f4d2dd1191036a7ec7371c03f108ac02e95a6ec;84.15000000;0xf94531dbc7ece87eae98c0a216c282a5ae6fa1b67295c41ffe7d3f07195b7c3c;2024-12-17 14:27:19;2024-12-17 14:56:05
512124366557994035;USDT;TRmiSRmYBiEqEpScyHq9FqKFd3wP17qFzi;9699.00000000;5c0c49052f0b3f0982745d5f11da33963d29ae195416b7f0677b12d7f06713c2;2024-12-17 01:41:29;2024-12-17 01:43:21
512124366557994035;USDT;0x5f4d2dd1191036a7ec7371c03f108ac02e95a6ec;67.15000000;0xad08c142cd934935cf67b636e39c6d3342679fedb7159f93af0fa3ca52dfa1f0;2024-12-16 14:42:20;2024-12-16 15:11:37
512124366557994035;USDT;INNER_7776055777_3;2300.00000000;257640667_3_7_0_66338821_0_WALLET;2024-12-15 03:50:50;2024-12-15 03:50:50
512124366557994035;USDT;INNER_7473330604_3;268.00000000;257049830_3_7_0_66338315_0_WALLET;2024-12-13 17:45:34;2024-12-13 17:45:34
512124366557994035;USDT;INNER_7789756830_3;268.60000000;257043614_3_7_0_70136510_0_WALLET;2024-12-13 17:29:36;2024-12-13 17:29:36
512124366557994035;USDT;INNER_7053444443_3;361.84999900;257041258_3_7_0_47376735_0_WALLET;2024-12-13 17:23:26;2024-12-13 17:23:26
512124366557994035;USDT;0x5f4d2dd1191036a7ec7371c03f108ac02e95a6ec;67.15000000;0x1411a754df602feb87d3f982a2d50b43453983616dfbb8baf52f843823ec35e1;2024-12-13 14:33:53;2024-12-13 15:02:37
512124366557994035;USDT;0x5f4d2dd1191036a7ec7371c03f108ac02e95a6ec;177.65000000;0x7f2fc0016713de68103aa02e4632d2c2b40ba92d2a6818d52d71427c6fb99c77;2024-12-12 14:38:06;2024-12-12 15:07:05
512124366557994035;USDT;INNER_7776055777_3;3000.00000000;256392102_3_7_0_66338821_0_WALLET;2024-12-11 23:55:33;2024-12-11 23:55:33
512124366557994035;USDT;0x5f4d2dd1191036a7ec7371c03f108ac02e95a6ec;12006.26000000;0x277cc57848dcfec8a434cb464c4d23fd1a3e9661e676b93ad03d9b176452a022;2024-12-11 23:50:56;2024-12-12 00:19:34
512124366557994035;USDT;0x5f4d2dd1191036a7ec7371c03f108ac02e95a6ec;164.90000000;0x26ee76b88b3b010390180c4e95cc98e13e58806e6a8980dd5f4e2f42f947b19e;2024-12-11 22:47:57;2024-12-11 23:17:05
512124366557994035;USDT;INNER_7053444443_3;115.00000000;256036364_3_7_0_47376735_0_WALLET;2024-12-11 01:18:17;2024-12-11 01:18:17
512124366557994035;USDT;0x5f4d2dd1191036a7ec7371c03f108ac02e95a6ec;2188.67000000;0x6fe4209d881f0cf46e364572ce3116b24ee729b0d29a4d2acaa72ab4655be307;2024-12-11 01:07:42;2024-12-11 01:36:34
512124366557994035;USDT;0x5f4d2dd1191036a7ec7371c03f108ac02e95a6ec;67.15000000;0xd1776a8b35300644e06a1592bbb60b8743906971c08274f472a82497342bb140;2024-12-10 14:08:32;2024-12-10 14:37:10
512124366557994035;USDT;INNER_7053444443_3;67.15000000;255507376_3_7_0_47376735_0_WALLET;2024-12-09 17:41:29;2024-12-09 17:41:29
512124366557994035;USDT;0x5f4d2dd1191036a7ec7371c03f108ac02e95a6ec;67.15000000;0x26fe9fa088aea270ba3f67189fad669a0dc4370716a98319e1206545c14060a5;2024-12-09 15:20:10;2024-12-09 15:49:36
512124366557994035;USDT;INNER_7051322832_3;2600.00000000;255300385_3_7_0_66341895_0_WALLET;2024-12-08 23:00:23;2024-12-08 23:00:23
512124366557994035;USDT;0x5f4d2dd1191036a7ec7371c03f108ac02e95a6ec;1699.92000000;0x4ac3592a97f42037cad5c39448e1659f18bc3823f62e44df7e0a891386882878;2024-12-08 21:14:56;2024-12-08 21:45:04
512124366557994035;USDT;INNER_7053444443_3;67.15000000;254746425_3_7_0_47376735_0_WALLET;2024-12-07 03:32:23;2024-12-07 03:32:23
512124366557994035;USDT;0x5f4d2dd1191036a7ec7371c03f108ac02e95a6ec;67.15000000;0x9c73bb0063edb478a1b5af19552ab59088b5bbb04e629d90579aedc7706813ae;2024-12-06 14:11:19;2024-12-06 14:40:09
512124366557994035;USDT;INNER_7051322832_3;665.27000000;254425221_3_7_0_66341895_0_WALLET;2024-12-06 06:05:38;2024-12-06 06:05:38
512124366557994035;USDT;INNER_7053444443_3;134.30000000;254398981_3_7_0_47376735_0_WALLET;2024-12-06 03:05:45;2024-12-06 03:05:45
512124366557994035;USDT;0x5f4d2dd1191036a7ec7371c03f108ac02e95a6ec;67.15000000;0xce927d7ad2ba329dc42252d07709d147c913c60106e7d0fb07184756945c1207;2024-12-05 18:49:21;2024-12-05 19:18:06
512124366557994035;USDT;INNER_7776055777_3;2000.00000000;253878904_3_7_0_66338821_0_WALLET;2024-12-04 18:32:36;2024-12-04 18:32:36
512124366557994035;USDT;0x5f4d2dd1191036a7ec7371c03f108ac02e95a6ec;67.15000000;0xb501d73d086197cee824b5342fb4e3b6782b7cbc7ddacdd018bcac4b5dba7f7e;2024-12-04 14:03:00;2024-12-04 14:32:08
512124366557994035;USDT;INNER_7776055777_3;200.00000000;253664843_3_7_0_66338821_0_WALLET;2024-12-04 02:23:25;2024-12-04 02:23:25
512124366557994035;USDT;TRmiSRmYBiEqEpScyHq9FqKFd3wP17qFzi;185.00000000;868f352c8beaabba73f2667da71aa47b02c0404e2796d34f764b2acf16ae5405;2024-12-03 22:03:41;2024-12-03 22:05:37
512124366557994035;USDT;INNER_7053444443_3;1281.80000000;253475622_3_7_0_47376735_0_WALLET;2024-12-03 16:54:04;2024-12-03 16:54:04
512124366557994035;USDT;0x5f4d2dd1191036a7ec7371c03f108ac02e95a6ec;177.65000000;0xa9ed53850c7a63678f3910712fd29ecfb56494db8ed0f6d4df5a976dfd641971;2024-12-03 14:11:30;2024-12-03 14:40:37
512124366557994035;USDT;0x5f4d2dd1191036a7ec7371c03f108ac02e95a6ec;900.92000000;0x240dcd61c56e89b276068c3768dfc1968b97b9fac9ac39897c528b7a292d9078;2024-12-03 03:40:09;2024-12-03 04:10:33
512124366557994035;USDT;0x5f4d2dd1191036a7ec7371c03f108ac02e95a6ec;1360.92000000;0xa4000b20aa0e5288cbf61a414ee9964af074630e76cb0f105877bbb0bb399648;2024-12-03 00:49:18;2024-12-03 01:19:04
512124366557994035;USDT;INNER_7051322832_3;446.00000000;253236761_3_7_0_66341895_0_WALLET;2024-12-02 22:56:11;2024-12-02 22:56:11
512124366557994035;USDT;0x5f4d2dd1191036a7ec7371c03f108ac02e95a6ec;67.15000000;0x37624afcfb7eee5040cfe70f7f261bacb3653e24f77b3656d446a40949ef5ce5;2024-12-02 15:15:28;2024-12-02 15:45:05
512124366557994035;USDT;0x5f4d2dd1191036a7ec7371c03f108ac02e95a6ec;6951.02000000;0x2108d470c12c48fa5efd1e286e464e62daaeabd960fee650aa6393ab80ec61d3;2024-12-02 00:59:50;2024-12-02 01:28:34
512124366557994035;USDT;0x5f4d2dd1191036a7ec7371c03f108ac02e95a6ec;579.62000000;0xba88865b2abee457e924a69d8d3cd6431557e71daf898fb6c458a659e73b5272;2024-12-01 21:38:00;2024-12-01 22:08:34
512124366557994035;USDT;INNER_7776055777_3;67.00000000;252233241_3_7_0_66338821_0_WALLET;2024-11-30 01:19:50;2024-11-30 01:19:50
512124366557994035;USDT;INNER_7776055777_3;134.00000000;252229440_3_7_0_66338821_0_WALLET;2024-11-30 01:04:18;2024-11-30 01:04:18
512124366557994035;USDT;INNER_7473330604_3;67.15000000;252218990_3_7_0_66338315_0_WALLET;2024-11-30 00:25:37;2024-11-30 00:25:37
512124366557994035;USDT;INNER_7021799877_3;114.00000000;252201880_3_7_0_68664400_0_WALLET;2024-11-29 23:29:23;2024-11-29 23:29:23
512124366557994035;USDT;TRmiSRmYBiEqEpScyHq9FqKFd3wP17qFzi;2299.00000000;79be81c0697324851b6134fc00d78406cd78ffcdf758d472fd1eb4b42e055d08;2024-11-29 19:48:20;2024-11-29 19:50:17
512124366557994035;USDT;INNER_7053444443_3;203.15000000;252067873_3_7_0_47376735_0_WALLET;2024-11-29 16:40:48;2024-11-29 16:40:48
512124366557994035;USDT;TRmiSRmYBiEqEpScyHq9FqKFd3wP17qFzi;1799.00000000;dd105cbfd1e4655cd2d6dfd9c2bf895b9f1fe1b463da159f04e0a0863b29edb4;2024-11-29 16:36:56;2024-11-29 16:38:18
512124366557994035;USDT;0x5f4d2dd1191036a7ec7371c03f108ac02e95a6ec;67.15000000;0xdf9122984f03065b573a55f1b85619cceec2ee996a825bd3221ae800b823fa32;2024-11-29 14:23:48;2024-11-29 14:52:37
512124366557994035;USDT;INNER_7776055777_3;100.00000000;251805655_3_7_0_66338821_0_WALLET;2024-11-28 21:00:19;2024-11-28 21:00:19
512124366557994035;USDT;INNER_7473330604_3;1476.45000000;251752892_3_7_0_66338315_0_WALLET;2024-11-28 18:42:05;2024-11-28 18:42:05
512124366557994035;USDT;INNER_7053444443_3;525.29999900;251721846_3_7_0_47376735_0_WALLET;2024-11-28 16:49:52;2024-11-28 16:49:52
512124366557994035;USDT;0x5f4d2dd1191036a7ec7371c03f108ac02e95a6ec;201.45000000;0xd8e53ae2c1725bbdfed857e528c87e13041bbd19eb9d6975d5113fc90c926041;2024-11-28 14:39:50;2024-11-28 15:08:35
512124366557994035;USDT;INNER_7051322832_3;2301.00000000;251534987_3_7_0_66341895_0_WALLET;2024-11-27 23:59:23;2024-11-27 23:59:23
512124366557994035;USDT;TRmiSRmYBiEqEpScyHq9FqKFd3wP17qFzi;8804.77000000;289eb9e628292a6746fa1f94fce768b23d5a7820c245caf7388c04531f979340;2024-11-26 18:24:59;2024-11-26 18:27:04
512124366557994035;USDT;INNER_7053444443_3;64.59999900;250901991_3_7_0_47376735_0_WALLET;2024-11-26 04:26:46;2024-11-26 04:26:46
512124366557994035;USDT;0x5f4d2dd1191036a7ec7371c03f108ac02e95a6ec;67.15000000;0x07b47d17dfac3990ea6c104553cae494d44b61ae033991c902f702f43ba712dd;2024-11-25 14:30:50;2024-11-25 15:00:09
512124366557994035;USDT;TRmiSRmYBiEqEpScyHq9FqKFd3wP17qFzi;901.00000000;89b2e391f40a29ce5975418fd873dd00d50cef5e9a8c1d8d4a5253d4658e8442;2024-11-25 02:23:14;2024-11-25 02:25:08
512124366557994035;USDT;INNER_7776055777_3;687.00000000;249639574_3_7_0_66338821_0_WALLET;2024-11-22 20:38:39;2024-11-22 20:38:39
512124366557994035;USDT;TRmiSRmYBiEqEpScyHq9FqKFd3wP17qFzi;3914.00000000;c832161f157688640a14fc7a783f1221f2f344846c056e8c94da320720eada81;2024-11-22 20:28:42;2024-11-22 20:30:41
512124366557994035;USDT;INNER_7053444443_3;66.30000000;249582833_3_7_0_47376735_0_WALLET;2024-11-22 17:47:52;2024-11-22 17:47:52
512124366557994035;USDT;INNER_7473330604_3;187.00000000;249578940_3_7_0_66338315_0_WALLET;2024-11-22 17:34:52;2024-11-22 17:34:52
512124366557994035;USDT;0x5f4d2dd1191036a7ec7371c03f108ac02e95a6ec;147.05000000;0xb751afd7be77e496536d1c6cffbae1e2f592a6120efc2ea326f7f715ee62b287;2024-11-22 14:54:41;2024-11-22 15:23:37
512124366557994035;USDT;INNER_7053444443_3;129.19999900;249062366_3_7_0_47376735_0_WALLET;2024-11-21 00:40:38;2024-11-21 00:40:38
512124366557994035;USDT;0x5f4d2dd1191036a7ec7371c03f108ac02e95a6ec;134.30000000;0x1dc2d83dc2deba0def0ce16ddd9c5c36e076119cb42eb048939028ed041bdb31;2024-11-20 14:11:07;2024-11-20 14:41:33
512124366557994035;USDT;INNER_7053444443_3;26.35000000;248417660_3_7_0_47376735_0_WALLET;2024-11-19 00:51:29;2024-11-19 00:51:29
512124366557994035;USDT;0x5f4d2dd1191036a7ec7371c03f108ac02e95a6ec;67.15000000;0xce778c087a2ead191f332c35088f334260b5165d83749998e3b4bfb848bfc5be;2024-11-18 15:36:22;2024-11-18 16:04:49
512124366557994035;USDT;INNER_7776055777_3;100.00000000;247408807_3_7_0_66338821_0_WALLET;2024-11-15 19:04:50;2024-11-15 19:04:50
512124366557994035;USDT;INNER_7473330604_3;132.60000000;247395684_3_7_0_66338315_0_WALLET;2024-11-15 18:20:38;2024-11-15 18:20:38
512124366557994035;USDT;INNER_7053444443_3;519.40000000;247366340_3_7_0_47376735_0_WALLET;2024-11-15 16:43:05;2024-11-15 16:43:05
512124366557994035;USDT;0x5f4d2dd1191036a7ec7371c03f108ac02e95a6ec;225.25000000;0x47db048ba8621605045d268fe7405ac0234a0a4b608433e2ee0486fdb30c0966;2024-11-15 15:57:58;2024-11-15 16:28:29
512124366557994035;USDT;INNER_7053444443_3;25.0;246449432_3_7_0_47376735_0_WALLET;2024-11-12 20:16:28;2024-11-12 20:16:28
512124366557994035;USDT;0x5f4d2dd1191036a7ec7371c03f108ac02e95a6ec;27.20000000;0xcb675316c58c24093710371ecf19b9a9e018d952b92d5a7ab05ea91319cbaf36;2024-11-11 16:01:21;2024-11-11 16:29:42
512124366557994035;USDT;0x5f4d2dd1191036a7ec7371c03f108ac02e95a6ec;105.40000000;0xffb3d2b8f9cfbf3861cab5bf23cd2f93c65dc30e8393cb0ae21c4db0b31a8add;2024-11-08 14:13:31;2024-11-08 14:42:29
512124366557994035;USDT;INNER_7053444443_3;141.0;244388083_3_7_0_47376735_0_WALLET;2024-11-05 19:17:44;2024-11-05 19:17:44
512124366557994035;USDT;0x5f4d2dd1191036a7ec7371c03f108ac02e95a6ec;66.30000000;0x4e1da8cef08c82344b18c9414e1e43a9e58b7a61f7a4a518e7f33a0d9657e056;2024-11-05 14:29:57;2024-11-05 14:58:23
512124366557994035;USDT;0x5f4d2dd1191036a7ec7371c03f108ac02e95a6ec;26.35000000;0x67bc3cadd0757438447fe20f44ccf67a9766b1156fcbdcd53b7406c618b5116a;2024-11-04 14:15:25;2024-11-04 14:43:50
512124366557994035;USDT;0x5f4d2dd1191036a7ec7371c03f108ac02e95a6ec;26.35000000;0x46c891bd22fdbeb79163bbd130c419f3d30566722b971e186e0cb14dad7340aa;2024-11-01 17:28:21;2024-11-01 17:56:48
512124366557994035;USDT;0x5f4d2dd1191036a7ec7371c03f108ac02e95a6ec;79.90000000;0x0c6430df518d7203341fd82a7d99c2f02373fe035d8674d15b43e4f285493f6b;2024-10-31 14:32:08;2024-10-31 15:00:57
512124366557994035;USDT;0x5f4d2dd1191036a7ec7371c03f108ac02e95a6ec;68.85000000;0x2b88eb7cd9ceafd30753a82058372250b6767b59551e1400a6408011fb0b5d18;2024-10-28 14:18:41;2024-10-28 14:47:02
512124366557994035;USDT;0x5f4d2dd1191036a7ec7371c03f108ac02e95a6ec;106.25000000;0x8295ededb2ff290bd371765c4ab53f312a0c952813f309e31077f90e7d65b120;2024-10-25 16:17:35;2024-10-25 16:46:09
512124366557994035;USDT;0x5f4d2dd1191036a7ec7371c03f108ac02e95a6ec;26.35000000;0xde8a0ecf0d30e1552e7a18a0b7f972ded6671e3bfd7b09cbfe27d18ebd27b01d;2024-10-21 14:17:03;2024-10-21 14:46:27
512124366557994035;USDT;INNER_7053444443_3;1061.30965828;239592821_3_7_0_47376735_0_WALLET;2024-10-19 00:58:45;2024-10-19 00:58:45
512124366557994035;USDT;0x5f4d2dd1191036a7ec7371c03f108ac02e95a6ec;106.25000000;0x1150b0b7bd087faf248295cb44255ea903e03a84def5c8804b4ca0c5ff69029e;2024-10-18 14:15:51;2024-10-18 14:44:19
512124366557994035;USDT;0x5f4d2dd1191036a7ec7371c03f108ac02e95a6ec;64.59999900;0x4d84bba110ca6607407d9f0f67c73d55f0359c84ec852153ea7d1fe1dc366943;2024-10-14 14:33:08;2024-10-14 15:01:35
512124366557994035;USDT;0x5f4d2dd1191036a7ec7371c03f108ac02e95a6ec;53.55000000;0xb87e79164baa0e47e890ba437aaeaf4255c6db58b996047b911c14f715e01ea1;2024-10-11 18:25:54;2024-10-11 18:54:17
512124366557994035;USDT;INNER_7053444443_3;246.0;237625546_3_7_0_47376735_0_WALLET;2024-10-11 17:37:50;2024-10-11 17:37:50
512124366557994035;USDT;TRmiSRmYBiEqEpScyHq9FqKFd3wP17qFzi;3000.0;b4e6ec329d86d404b7fb2c858eb04bbe41fcb7b3759c12eedca9651702c7de70;2024-10-10 02:37:32;2024-10-10 02:39:26
512124366557994035;USDT;0x5f4d2dd1191036a7ec7371c03f108ac02e95a6ec;217.60000000;0x31bc2c952c18066ee5bc11d0d2059e98fdbf0e900059d7e22c906707f84b53ca;2024-10-09 14:22:03;2024-10-09 14:50:27
512124366557994035;USDT;INNER_7009668334_3;18.0;236976645_3_7_0_63418997_0_WALLET;2024-10-09 01:40:35;2024-10-09 01:40:35
512124366557994035;USDT;0x5f4d2dd1191036a7ec7371c03f108ac02e95a6ec;26.35000000;0xf678c61c9a9b8fed85a5fc4fbda56a47b8a91990d1a803a2cde634c7608c129b;2024-10-08 14:12:39;2024-10-08 14:41:33
512124366557994035;USDT;TRmiSRmYBiEqEpScyHq9FqKFd3wP17qFzi;3600.0;283a1767bf317aca5510e83d37b97ee328fcd38f9b41fdb4b704b93f4bf288cc;2024-10-08 01:53:00;2024-10-08 01:54:53
512124366557994035;USDT;0x5f4d2dd1191036a7ec7371c03f108ac02e95a6ec;52.70000000;0xe03b243715ce2b3cd37e5ffb79f417d817b7eb927350be6ed66adb7d2b056d9b;2024-10-07 14:05:09;2024-10-07 14:33:39
512124366557994035;USDT;0x5f4d2dd1191036a7ec7371c03f108ac02e95a6ec;65.45000000;0xd5af7cf353eb2857ef84675e2d9a51dc217109ff1a42a75b676eb48c966770b3;2024-10-03 14:07:01;2024-10-03 14:35:28
512124366557994035;USDT;0x5f4d2dd1191036a7ec7371c03f108ac02e95a6ec;132.60000000;0xa791ac2d13612ffc81608bfa58292cf513c63d1b26fb0977ba3079337d4e117c;2024-10-02 14:14:17;2024-10-02 14:42:47
512124366557994035;USDT;0x5f4d2dd1191036a7ec7371c03f108ac02e95a6ec;294.95000000;0xd03ff3e70a6a3a63256cce7ceba1e7e80398b5f342d87d96a04128fcb80e75cb;2024-09-25 14:13:11;2024-09-25 14:41:38
512124366557994035;USDT;0x5f4d2dd1191036a7ec7371c03f108ac02e95a6ec;141.10000000;0x30f8d7713d26063c1b48c7e540934323796eb130bafbefa82058afdf9fd46fd7;2024-09-24 14:16:42;2024-09-24 14:45:02
512124366557994035;USDT;0x5f4d2dd1191036a7ec7371c03f108ac02e95a6ec;53.55000000;0x2abdb21208e425f2424bbfd312e643c5673bfc445254ee1fb8905d0ec854cf48;2024-09-20 16:36:21;2024-09-20 17:04:42
512124366557994035;USDT;TRmiSRmYBiEqEpScyHq9FqKFd3wP17qFzi;300.0;0067ee54a455527a945519acc7eac959369ac5de92fc19878d42a77412a9fbcc;2024-09-20 15:29:32;2024-09-20 15:31:26
512124366557994035;USDT;TRmiSRmYBiEqEpScyHq9FqKFd3wP17qFzi;1500.0;a201c8b9ff59fefec824a574ce9e05d39d5c81dbcf6b547f3c010af1ab44ac7f;2024-09-20 04:52:26;2024-09-20 04:54:20
512124366557994035;USDT;0x5f4d2dd1191036a7ec7371c03f108ac02e95a6ec;79.05000000;0x56c9cffc466ebfe9c92835e8f74137122afb7d7d0d9b4348504e7c24fe9fe806;2024-09-18 14:18:02;2024-09-18 14:46:27
512124366557994035;USDT;0x5f4d2dd1191036a7ec7371c03f108ac02e95a6ec;26.35000000;0xc8878c394bbece17bea6a90a5e22f8d93f0262ab20b7f96b6cfb94023ee18379;2024-09-13 14:26:36;2024-09-13 14:56:08
512124366557994035;USDT;0x5f4d2dd1191036a7ec7371c03f108ac02e95a6ec;27.20000000;0xd5d8d028592bb171edb8c3cc51e9a0993554e091219823709c375cd2a68f0ce6;2024-09-12 14:10:36;2024-09-12 14:39:12
512124366557994035;USDT;0x5f4d2dd1191036a7ec7371c03f108ac02e95a6ec;26.35000000;0xcc1f21538ec0a482adca64e4c0c8a113837e47a8a3d4d51b64cdf9bdb45ca63f;2024-09-11 14:14:27;2024-09-11 14:42:52
512124366557994035;USDT;0x5f4d2dd1191036a7ec7371c03f108ac02e95a6ec;59.50000000;0x062a878bbf45f19f2a237c3ce35362a6c742bec4a454a36471873ed14f5cb1b3;2024-09-10 16:39:23;2024-09-10 17:09:32
512124366557994035;USDT;0x5f4d2dd1191036a7ec7371c03f108ac02e95a6ec;79.05000000;0x53974d759532e240229f0fcb3f64abdff81d8884bd3039077fef69c2ee3c05d5;2024-09-06 18:43:59;2024-09-06 19:12:32
512124366557994035;USDT;INNER_7009668334_3;50.0;228469143_3_7_0_63418997_0_WALLET;2024-09-06 01:35:18;2024-09-06 01:35:18
512124366557994035;USDT;TRmiSRmYBiEqEpScyHq9FqKFd3wP17qFzi;9690.00000000;53aedd64fa5afad2e9c5b6d620d7202cc047afd2c17327ebb66c32f108386a7e;2023-12-25 00:46:12;2023-12-25 00:46:17
512124366557994035;USDT;TRmiSRmYBiEqEpScyHq9FqKFd3wP17qFzi;10.00000000;d207dbeed42282d1c8de98741c75c4690abeac664aa3eb82a4d74438404174e0;2023-12-25 00:43:59;2023-12-25 00:44:02
